{"comm": {"soc": {"shoparea": 0.11122563078361895, "retailturnover": 0.16673951944894938, "sportsvenue": 0.1053351142655473, "roadslen": 0.16437676557952266, "invest": 0.10546837636113104, "hospitals": 0.12953772329981886, "cliniccap": 0.06447534686527326, "docsnum": 0.06963816193507456, "hospitalcap": 0.08320336146106402}, "bas": {"livarea": 0.21616314845051637, "servicesnum": 0.3138644318615517, "budincome": 0.1482176346511674, "pollutionvol": -0.13716014202185023, "litstreetperc": 0.24041369761539583, "munipoliceworkers": 0.05143749377284602, "pollutcapturedperc": 0.16706373567037283}}, "soc_workers": {"soc": {"shoparea": 0.0531209063970089, "retailturnover": 0.07963411259551495, "sportsvenue": 0.05030761979767047, "roadslen": 0.07850567101012929, "invest": 0.05037126522953631, "hospitals": 0.06186668689412151, "cliniccap": 0.030793161986268424, "docsnum": 0.033258901349900546, "hospitalcap": 0.039737585167650254, "livestock": 0.04403543503367337, "harvest": 0.06829429271104838, "agrprod": 0.033274537077010176, "factoriescap": 0.05018169018441282, "avgemployers": 0.05762326546836442, "avgsalary": 0.04205643029733835, "goodcompanies": 0.04676708292265492, "visiblecompanies": 0.04602685003165816, "goodcompincome": 0.04177759093854902, "foodseats": 0.03464957173763401, "foodservturnover": 0.032883969952999824, "cinemas": 0.024833373216855935}, "bas": {"livarea": 0.2812597288618914, "servicesnum": 0.40838332360328244, "budincome": 0.19285272273909942, "pollutionvol": -0.178465314889486, "litstreetperc": 0.31281322413505697, "munipoliceworkers": 0.06692766854845159, "pollutcapturedperc": 0.2173742441027603, "badcompanies": -0.3011455971010561}}, "soc_old": {"dev": {"library": 1.0}, "soc": {"shoparea": 0.09906170991764984, "retailturnover": 0.14850445703107504, "sportsvenue": 0.0938153954264015, "roadslen": 0.14640009999780004, "invest": 0.09393408363668836, "hospitals": 0.11537114492866825, "cliniccap": 0.057424157210967434, "docsnum": 0.062022353554740846, "hospitalcap": 0.07410402799390724, "socialaidcenterscap": 0.030488161097385003, "socialaidhomeservices": 0.07887440920471678}, "bas": {"livarea": 0.21616314845051637, "servicesnum": 0.3138644318615517, "budincome": 0.1482176346511674, "pollutionvol": -0.13716014202185023, "litstreetperc": 0.24041369761539583, "munipoliceworkers": 0.05143749377284602, "pollutcapturedperc": 0.16706373567037283}}, "soc_parents": {"dev": {"library": 0.12490906581978421, "musartschool": 0.17714517497170354, "sportschool": 0.21810351621427784, "beforeschool": 0.2579244024531795, "schoolnum": 0.22191784054105484}, "soc": {"shoparea": 0.053088779298473554, "retailturnover": 0.07958595052231894, "sportsvenue": 0.050277194152327766, "roadslen": 0.07845819140936201, "invest": 0.0503408010919464, "hospitals": 0.06182927041762075, "cliniccap": 0.030774538528642266, "docsnum": 0.03323878663286504, "hospitalcap": 0.03971355219455494, "livestock": 0.044008802755417416, "harvest": 0.06825298887005343, "agrprod": 0.033254412903612196, "factoriescap": 0.05015134070029115, "avgemployers": 0.05758841537913976, "avgsalary": 0.042030994905289325, "goodcompanies": 0.04673879856564419, "visiblecompanies": 0.04599901336156848, "goodcompincome": 0.04175232418630988, "foodseats": 0.034628615954291335, "foodservturnover": 0.03286408199146887, "zoos": 0.0004886489896749535, "circuses": 0.00011614299740520025, "cinemas": 0.024818354191722212}, "bas": {"livarea": 0.11341665492056585, "servicesnum": 0.16467864303165422, "budincome": 0.07776694798753891, "pollutionvol": -0.07196529384428861, "litstreetperc": 0.12614045259830448, "munipoliceworkers": 0.026988265682802583, "pollutcapturedperc": 0.08765513545711887, "badcompanies": -0.12143553720066881, "consnewareas": 0.41091212224067825, "consnewapt": 0.18584260912629447}}, "loc": {"dev": {"museums": 0.38814574064082225, "naturesecure": 0.6118542593591778}, "soc": {"cultureorg": 0.705875247173712, "parks": 0.18761612358427918, "theatres": 0.1065086292420088}, "bas": {"badhousesdwellers": -1.0}}}