{"comm": {"soc": {"shoparea": 0.011358790848258226, "retailturnover": 0.21503552474891469, "sportsvenue": 0.11586403112128758, "roadslen": 0.1774397069244695, "invest": 0.10197462162597588, "hospitals": 0.15014454690946186, "cliniccap": 0.06489198037217185, "docsnum": 0.08099551818595452, "hospitalcap": 0.08229527926350584}, "bas": {"livarea": 0.29947723991169034, "servicesnum": 0.27316066659818444, "budincome": 0.2030375139903997, "pollutionvol": -0.13341064122457702, "litstreetperc": 0.14760355667646557, "munipoliceworkers": 0.031414392153589106, "pollutcapturedperc": 0.17871727189424777}}, "soc_workers": {"soc": {"shoparea": 0.00564159423402415, "retailturnover": 0.1068021405394448, "sportsvenue": 0.057546428896952835, "roadslen": 0.08812934764315372, "invest": 0.05064794704535978, "hospitals": 0.07457260384757212, "cliniccap": 0.032230034621879705, "docsnum": 0.040228212182439084, "hospitalcap": 0.04087376721542457, "livestock": 0.03910394392816156, "harvest": 0.0604287711633476, "agrprod": 0.03077491516805295, "factoriescap": 0.060271871753266475, "avgemployers": 0.0737466405737376, "avgsalary": 0.056956761163275964, "goodcompanies": 0.03958464686720115, "visiblecompanies": 0.04939892488259266, "goodcompincome": 0.02910612796252188, "foodseats": 0.002423583212954054, "foodservturnover": 0.04114303002594586, "cinemas": 0.020388707072691466}, "bas": {"livarea": 0.3407743431713468, "servicesnum": 0.31082878541184883, "budincome": 0.23103583928322666, "pollutionvol": -0.1518076086475871, "litstreetperc": 0.1679576888414275, "munipoliceworkers": 0.03574635206142272, "pollutcapturedperc": 0.20336190142895705, "badcompanies": -0.13789730155064245}}, "soc_old": {"dev": {"library": 1.0}, "soc": {"shoparea": 0.010037788442475225, "retailturnover": 0.1900273659301717, "sportsvenue": 0.10238929900414438, "roadslen": 0.15680385907235436, "invest": 0.0901151973002448, "hospitals": 0.1326830661645275, "cliniccap": 0.057345185706011846, "docsnum": 0.07157591747223124, "hospitalcap": 0.07272451919370976, "socialaidcenterscap": 0.02606990336094454, "socialaidhomeservices": 0.09022789835318437}, "bas": {"livarea": 0.29947723991169034, "servicesnum": 0.27316066659818444, "budincome": 0.2030375139903997, "pollutionvol": -0.13341064122457702, "litstreetperc": 0.14760355667646557, "munipoliceworkers": 0.031414392153589106, "pollutcapturedperc": 0.17871727189424777}}, "soc_parents": {"dev": {"library": 0.13995688462945502, "musartschool": 0.153832899945164, "sportschool": 0.22292119748670822, "beforeschool": 0.2686607335690421, "schoolnum": 0.2146282843696307}, "soc": {"shoparea": 0.005631584398964137, "retailturnover": 0.10661264236454794, "sportsvenue": 0.05744432473319054, "roadslen": 0.08797298045379895, "invest": 0.0505580828022005, "hospitals": 0.07444029027918253, "cliniccap": 0.03217284913189926, "docsnum": 0.04015683559064578, "hospitalcap": 0.04080124522055294, "livestock": 0.03903456211644666, "harvest": 0.06032155288299408, "agrprod": 0.03072031148476069, "factoriescap": 0.06016493185826837, "avgemployers": 0.07361579250531021, "avgsalary": 0.056855703242208455, "goodcompanies": 0.03951441214814606, "visiblecompanies": 0.049311276769363505, "goodcompincome": 0.029054485194883014, "foodseats": 0.002419283068844154, "foodservturnover": 0.04107003028024541, "zoos": 0.00016079636540055015, "circuses": 0.0016134955536537526, "cinemas": 0.020352531554492424}, "bas": {"livarea": 0.16345399693903975, "servicesnum": 0.14909047103269624, "budincome": 0.1108174137042377, "pollutionvol": -0.07281522478565526, "litstreetperc": 0.08056168578387045, "munipoliceworkers": 0.01714590384374017, "pollutcapturedperc": 0.09754348083937844, "badcompanies": -0.06614308135934736, "consnewareas": 0.5195597010856684, "consnewapt": 0.0007856529163715449}}, "loc": {"dev": {"museums": 0.4281039068066682, "naturesecure": 0.5718960931933318}, "soc": {"cultureorg": 0.7459106015647203, "parks": 0.17568359127093158, "theatres": 0.07840580716434811}, "bas": {"badhousesdwellers": -1.0}}}