{"comm": {"soc": {"shoparea": 0.29957185916676204, "retailturnover": 0.0, "sportsvenue": 0.09775197384119728, "roadslen": 0.07957146556515925, "invest": 0.10781014906842347, "hospitals": 0.11746515551039848, "cliniccap": 0.23614122954805258, "docsnum": 0.061688167300006876}, "bas": {"livarea": 0.07912883096631505, "servicesnum": 0.17875586248959235, "budincome": 0.41860574903264386, "pollutionvol": -0.0, "litstreetperc": 0.3042106366032463, "munipoliceworkers": 0.019298920908202302, "pollutcapturedperc": 0.0}}, "soc_workers": {"soc": {"shoparea": 0.1800800067286269, "retailturnover": 0.0, "sportsvenue": 0.058761113797608885, "roadslen": 0.047832363474447574, "invest": 0.06480733011323525, "hospitals": 0.07061119176389828, "cliniccap": 0.14195029641368156, "docsnum": 0.03708227339296908, "livestock": 0.0, "harvest": 0.0, "agrprod": 0.0, "factoriescap": 0.0, "avgemployers": 0.043222320052436036, "avgsalary": 0.10292494379260224, "goodcompanies": 0.06598492397968118, "visiblecompanies": 0.11121192999089934, "goodcompincome": 0.011563006007161009, "foodseats": 0.058107363405743066, "foodservturnover": 0.0, "cinemas": 0.005860937087009575}, "bas": {"livarea": 0.08514584992480224, "servicesnum": 0.1923485998067717, "budincome": 0.450436861628423, "pollutionvol": -0.0, "litstreetperc": 0.32734305427531335, "munipoliceworkers": 0.020766426134362297, "pollutcapturedperc": 0.0, "badcompanies": -0.07604079176967264}}, "soc_old": {"dev": {"library": 1.0}, "soc": {"shoparea": 0.2972361880926674, "retailturnover": 0.0, "sportsvenue": 0.09698983130093469, "roadslen": 0.07895107094277783, "invest": 0.106969585981579, "hospitals": 0.11654931526190924, "cliniccap": 0.23430010788598918, "docsnum": 0.06120720333904841, "socialaidcenterscap": 0.0077966971950943435}, "bas": {"livarea": 0.07912883096631505, "servicesnum": 0.17875586248959235, "budincome": 0.41860574903264386, "pollutionvol": -0.0, "litstreetperc": 0.3042106366032463, "munipoliceworkers": 0.019298920908202302, "pollutcapturedperc": 0.0}}, "soc_parents": {"dev": {"library": 0.2757412417556185, "musartschool": 0.22966343218829652, "sportschool": 0.04959949727347807, "beforeschool": 0.1536049938336297, "schoolnum": 0.29139083494897716}, "soc": {"shoparea": 0.17957807809231557, "retailturnover": 0.0, "sportsvenue": 0.0585973316751381, "roadslen": 0.047699042550007266, "invest": 0.06462669565293265, "hospitals": 0.07041438046966182, "cliniccap": 0.14155464494744036, "docsnum": 0.0369789156951681, "livestock": 0.0, "harvest": 0.0, "agrprod": 0.0, "factoriescap": 0.0, "avgemployers": 0.04310184848784517, "avgsalary": 0.10263806587861987, "goodcompanies": 0.06580100726670517, "visiblecompanies": 0.11090195414529644, "goodcompincome": 0.011530776977729773, "foodseats": 0.05794540345136655, "foodservturnover": 0.0, "zoos": 4.128745573211304e-05, "circuses": 0.0027459660846773384, "cinemas": 0.00584460116936369}, "bas": {"livarea": 0.008549173745971502, "servicesnum": 0.019312997650440106, "budincome": 0.04522666689042926, "pollutionvol": -0.0, "litstreetperc": 0.032867281822991715, "munipoliceworkers": 0.0020850785477194702, "pollutcapturedperc": 0.0, "badcompanies": -0.007634969187509476, "consnewareas": 0.8995937705299573, "consnewapt": 0.0}}, "loc": {"dev": {"museums": 0.8842143292432665, "naturesecure": 0.1157856707567336}, "soc": {"cultureorg": 0.9118153156153875, "parks": 0.08719291102637934, "theatres": 0.0009917733582330709}, "bas": {"badhousesdwellers": -1.0}}}