{"comm": {"soc": {"shoparea": 0.05414718824025985, "retailturnover": 0.18980970201782366, "sportsvenue": 0.10410546750527114, "roadslen": 0.20017222900158166, "invest": 0.13766151520627823, "hospitals": 0.15870852730764384, "cliniccap": 0.06351818012019138, "docsnum": 0.0366192357912943, "hospitalcap": 0.055257954809655965}, "bas": {"livarea": 0.3075093041710147, "servicesnum": 0.22958414420158926, "budincome": 0.21073644775938577, "pollutionvol": -0.17424972568104358, "litstreetperc": 0.2098161765177226, "munipoliceworkers": 0.049424280906333544, "pollutcapturedperc": 0.16717937212499764}}, "soc_workers": {"soc": {"shoparea": 0.02790516022660842, "retailturnover": 0.09781985583203295, "sportsvenue": 0.05365153474470839, "roadslen": 0.10316026195896304, "invest": 0.07094489600870271, "hospitals": 0.08179163180547093, "cliniccap": 0.03273457128912605, "docsnum": 0.018871998257745864, "hospitalcap": 0.028477602122498266, "livestock": 0.03873370258610889, "harvest": 0.07338444207433496, "agrprod": 0.025863691116083127, "factoriescap": 0.04263664819661755, "avgemployers": 0.032040568830459665, "avgsalary": 0.03713213148229869, "goodcompanies": 0.03584387859234678, "visiblecompanies": 0.041245394567178364, "goodcompincome": 0.05729320490698048, "foodseats": 0.0327272996672674, "foodservturnover": 0.03889456735384406, "cinemas": 0.028846958380623188}, "bas": {"livarea": 0.4216108657352408, "servicesnum": 0.3147715157980582, "budincome": 0.2889303672333526, "pollutionvol": -0.2389052191333265, "litstreetperc": 0.28766862864643467, "munipoliceworkers": 0.06776319798659658, "pollutcapturedperc": 0.2292114055043217, "badcompanies": -0.37105076177067803}}, "soc_old": {"dev": {"library": 1.0}, "soc": {"shoparea": 0.0478689133665498, "retailturnover": 0.16780158817676458, "sportsvenue": 0.09203461466700295, "roadslen": 0.17696259768741587, "invest": 0.12169989540505247, "hospitals": 0.14030654205925297, "cliniccap": 0.05615335459124766, "docsnum": 0.0323732973513735, "hospitalcap": 0.04885088843134824, "socialaidcenterscap": 0.02935219643777364, "socialaid": 0.08659611182621843}, "bas": {"livarea": 0.3075093041710147, "servicesnum": 0.22958414420158926, "budincome": 0.21073644775938577, "pollutionvol": -0.17424972568104358, "litstreetperc": 0.2098161765177226, "munipoliceworkers": 0.049424280906333544, "pollutcapturedperc": 0.16717937212499764}}, "soc_parents": {"dev": {"library": 0.07945022414858144, "musartschool": 0.1473919051321791, "sportschool": 0.17178167262580035, "beforeschool": 0.42298070090787676, "schoolnum": 0.17839549718556239}, "soc": {"shoparea": 0.027897270689590577, "retailturnover": 0.09779219953594291, "sportsvenue": 0.053636366017276074, "roadslen": 0.10313109578686847, "invest": 0.07092483798435371, "hospitals": 0.08176850711807838, "cliniccap": 0.03272531634810971, "docsnum": 0.01886666263782302, "hospitalcap": 0.028469550740807554, "livestock": 0.03872275152982003, "harvest": 0.0733636943249016, "agrprod": 0.025856378757120792, "factoriescap": 0.04262459367295481, "avgemployers": 0.03203151010254669, "avgsalary": 0.03712163323310385, "goodcompanies": 0.035833744566785876, "visiblecompanies": 0.04123373338822039, "goodcompincome": 0.057277006581749085, "foodseats": 0.03271804678213353, "foodservturnover": 0.038883570816772094, "zoos": 0.00021336529127385728, "circuses": 6.936152175222233e-05, "cinemas": 0.028838802572014745}, "bas": {"livarea": 0.09073365095107155, "servicesnum": 0.06774106448597979, "budincome": 0.0621798658912615, "pollutionvol": -0.051414098935592574, "litstreetperc": 0.06190833079138388, "munipoliceworkers": 0.014583121198079425, "pollutcapturedperc": 0.049327921434770765, "badcompanies": -0.07985275769617298, "consnewareas": 0.6633509516291943, "consnewapt": 0.12144195025002427}}, "loc": {"dev": {"museums": 0.49302322164851986, "naturesecure": 0.5069767783514801}, "soc": {"cultureorg": 0.7065827763444759, "parks": 0.2475415528517077, "theatres": 0.04587567080381641}, "bas": {"badhousesdwellers": -1.0}}}