{"comm": {"soc": {"shoparea": 0.05414718824025985, "retailturnover": 0.18980970201782366, "sportsvenue": 0.10410546750527114, "roadslen": 0.20017222900158166, "invest": 0.13766151520627823, "hospitals": 0.15870852730764384, "cliniccap": 0.06351818012019138, "docsnum": 0.0366192357912943, "hospitalcap": 0.055257954809655965}, "bas": {"livarea": 0.38345994735823286, "servicesnum": 0.28628832577002894, "budincome": 0.2627855029691553, "pollutionvol": -0.21728705353149322, "funds": -0.24698648839899773, "litstreetperc": 0.26163793716513917, "munipoliceworkers": 0.0616314104890345, "pollutcapturedperc": 0.2084704181789001}}, "soc_workers": {"soc": {"shoparea": 0.02790516022660842, "retailturnover": 0.09781985583203295, "sportsvenue": 0.05365153474470839, "roadslen": 0.10316026195896304, "invest": 0.07094489600870271, "hospitals": 0.08179163180547093, "cliniccap": 0.03273457128912605, "docsnum": 0.018871998257745864, "hospitalcap": 0.028477602122498266, "livestock": 0.03873370258610889, "harvest": 0.07338444207433496, "agrprod": 0.025863691116083127, "factoriescap": 0.04263664819661755, "avgemployers": 0.032040568830459665, "avgsalary": 0.03713213148229869, "goodcompanies": 0.03584387859234678, "visiblecompanies": 0.041245394567178364, "goodcompincome": 0.05729320490698048, "foodseats": 0.0327272996672674, "foodservturnover": 0.03889456735384406, "cinemas": 0.028846958380623188}, "bas": {"livarea": 0.5787855825293621, "servicesnum": 0.4321169826046095, "budincome": 0.3966423650347598, "pollutionvol": -0.3279680569528297, "funds": -0.3727956975682464, "litstreetperc": 0.39491025573118305, "munipoliceworkers": 0.09302502664946503, "pollutcapturedperc": 0.31466043130990345, "badcompanies": -0.5093768893382071}}, "soc_old": {"dev": {"library": 1.0}, "soc": {"shoparea": 0.0478689133665498, "retailturnover": 0.16780158817676458, "sportsvenue": 0.09203461466700295, "roadslen": 0.17696259768741587, "invest": 0.12169989540505247, "hospitals": 0.14030654205925297, "cliniccap": 0.05615335459124766, "docsnum": 0.0323732973513735, "hospitalcap": 0.04885088843134824, "socialaidcenterscap": 0.02935219643777364, "socialaid": 0.08659611182621843}, "bas": {"livarea": 0.38345994735823286, "servicesnum": 0.28628832577002894, "budincome": 0.2627855029691553, "pollutionvol": -0.21728705353149322, "funds": -0.24698648839899773, "litstreetperc": 0.26163793716513917, "munipoliceworkers": 0.0616314104890345, "pollutcapturedperc": 0.2084704181789001}}, "soc_parents": {"dev": {"library": 0.07945022414858144, "musartschool": 0.1473919051321791, "sportschool": 0.17178167262580035, "beforeschool": 0.42298070090787676, "schoolnum": 0.17839549718556239}, "soc": {"shoparea": 0.027897270689590577, "retailturnover": 0.09779219953594291, "sportsvenue": 0.053636366017276074, "roadslen": 0.10313109578686847, "invest": 0.07092483798435371, "hospitals": 0.08176850711807838, "cliniccap": 0.03272531634810971, "docsnum": 0.01886666263782302, "hospitalcap": 0.028469550740807554, "livestock": 0.03872275152982003, "harvest": 0.0733636943249016, "agrprod": 0.025856378757120792, "factoriescap": 0.04262459367295481, "avgemployers": 0.03203151010254669, "avgsalary": 0.03712163323310385, "goodcompanies": 0.035833744566785876, "visiblecompanies": 0.04123373338822039, "goodcompincome": 0.057277006581749085, "foodseats": 0.03271804678213353, "foodservturnover": 0.038883570816772094, "zoos": 0.00021336529127385728, "circuses": 6.936152175222233e-05, "cinemas": 0.028838802572014745}, "bas": {"livarea": 0.09636539184178042, "servicesnum": 0.07194568007068236, "budincome": 0.06603930381366416, "pollutionvol": -0.054605317191437575, "funds": -0.06206893287856121, "litstreetperc": 0.06575091481989806, "munipoliceworkers": 0.015488279968882942, "pollutcapturedperc": 0.0523896528793445, "badcompanies": -0.08480913315378476, "consnewareas": 0.7045244373207965, "consnewapt": 0.12897972250873463}}, "loc": {"dev": {"museums": 0.49302322164851986, "naturesecure": 0.5069767783514801}, "soc": {"cultureorg": 0.7065827763444759, "parks": 0.2475415528517077, "theatres": 0.04587567080381641}, "bas": {"badhousesdwellers": -1.0}}}